Date,Task,Time Spent (hours),Description
2025-07-18,Repository Initialization,2,Initialized Next.js project repository for Ghar Ka Khana redesign
2025-07-18,Homepage Creation,4,Created initial homepage with navigation and hero section
2025-07-18,Menu Page Development,3,Developed menu page with meal plan cards and pricing
2025-07-18,Navigation Bar Implementation,2,Implemented responsive navigation bar with mobile menu
2025-07-18,Homepage Updates,3,Updated homepage with video background and call-to-action sections
2025-08-05,Information Updates,1,Updated website information and content
2025-08-06,Terms Update,1,Updated terms and conditions section
2025-08-12,WordPress Theme Integration,6,Integrated WordPress theme files and assets
2025-08-28,Video Asset Update,1,Updated video assets for homepage
2025-08-29,Homepage Enhancements,4,Multiple homepage updates including UI improvements
2025-08-29,Mobile Navigation,3,Implemented responsive mobile navigation menu
2025-08-29,Quick Links Functionality,2,Added quick links functionality to navigation
2025-08-29,Website Title and Favicon,1,Updated website title and favicon
2025-08-30,Logo Redirect,1,Implemented logo redirect to homepage
2025-08-30,Homepage Changes,3,Additional homepage styling and layout improvements
2025-08-30,Contact Button Animation,2,Added animation to contact button
2025-08-30,Menu and Homepage Updates,4,Coordinated updates to menu and homepage sections
2025-09-01,Menu Plans Implementation,5,Implemented menu plans with pricing and features
2025-09-01,Navigation Bar Updates,2,Updated navigation bar with improved styling
2025-09-01,Homepage Updates,3,Multiple homepage layout and content updates
2025-09-01,Maps Integration,2,Added Google Maps embed to homepage
2025-09-06,Page Updates,2,General page updates and bug fixes
2025-09-10,Video Update,1,Updated homepage video assets
2025-10-04,Package Updates,1,Updated package-lock.json dependencies
2025-10-04,Page Updates,2,General page improvements
2025-10-29,Payment Integration Part 1,8,Implemented Razorpay payment gateway integration - service layer, types, and API routes
2025-10-29,Payment Integration Part 2,6,Completed payment integration with checkout flow, payment form, and status tracking
2025-10-29,Page Updates,2,Final page updates and refinements




